<?xml version="1.0" encoding="UTF-8"?>
<window>
	<defaultcontrol always="true">9000</defaultcontrol>
	<controls>
		<control type="image">
			<left>0</left>
			<top>0</top>
			<width>100%</width>
			<height>100%</height>
			<texture colordiffuse="button.nf">backgrounds/white.png</texture>
			<aspectratio>stretch</aspectratio>
		</control>
		<control type="group">
			<centerleft>50%</centerleft>
			<top>200</top>
			<width>1200</width>
			<height>680</height>
			<visible>!Window.IsVisible(AddonSettings) + !Window.IsActive(TextViewer)</visible>
			<control type="image">
				<left>0</left>
				<top>0</top>
				<width>1200</width>
				<height>680</height>
				<aspectratio>stretch</aspectratio>
				<texture>$INFO[Skin.CurrentTheme,special://skin/extras/backgrounds/,.jpg]</texture>
			</control>
			<control type="image">
				<left>0</left>
				<top>0</top>
				<width>1200</width>
				<height>2</height>
				<texture colordiffuse="$INFO[Skin.String(color.500)]">backgrounds/white.png</texture>
			</control>
			<control type="image">
				<left>0</left>
				<top>0</top>
				<width>2</width>
				<height>680</height>
				<texture colordiffuse="$INFO[Skin.String(color.500)]">backgrounds/white.png</texture>
			</control>
			<control type="image">
				<left>0</left>
				<top>678</top>
				<width>1200</width>
				<height>2</height>
				<texture colordiffuse="$INFO[Skin.String(color.500)]">backgrounds/white.png</texture>
			</control>
			<control type="image">
				<left>1198</left>
				<top>0</top>
				<width>2</width>
				<height>680</height>
				<texture colordiffuse="$INFO[Skin.String(color.500)]">backgrounds/white.png</texture>
			</control>
			<control type="group">
				<control type="label" id="2">
					<centerleft>50%</centerleft>
					<top>25</top>
					<width>1200</width>
					<height>60</height>
					<font>info.title</font>
					<align>center</align>
					<aligny>center</aligny>
					<textcolor>$INFO[Skin.String(color.500)]</textcolor>
					<shadowcolor>black</shadowcolor>
					<label>$INFO[ListItem.AddonName] [COLORwhite]$LOCALIZE[24003][/COLOR]</label>
				</control>
				<control type="image">
					<left>20</left>
					<top>110</top>
					<width>340</width>
					<height>120</height>
					<aspectratio>keep</aspectratio>
					<texture>$INFO[ListItem.Icon]</texture>
				</control>
				<control type="group">
					<left>380</left>
					<top>150</top>
					<control type="label">
						<left>0</left>
						<top>0</top>
						<width>210</width>
						<height>38</height>
						<label>$LOCALIZE[146]</label>
						<align>left</align>
						<aligny>center</aligny>
						<font>font12</font>
						<textcolor>$INFO[Skin.String(color.500)]</textcolor>
						<shadowcolor>black</shadowcolor>
					</control>
					<control type="label">
						<left>90</left>
						<top>0</top>
						<width>585</width>
						<height>38</height>
						<label fallback="10005">$INFO[ListItem.AddonType]</label>
						<align>left</align>
						<aligny>center</aligny>
						<font>font12</font>
						<textcolor>white</textcolor>
						<shadowcolor>black</shadowcolor>
						<scroll>true</scroll>
					</control>
					<control type="label">
						<left>0</left>
						<top>45</top>
						<width>210</width>
						<height>38</height>
						<label>$LOCALIZE[21863]:</label>
						<align>left</align>
						<aligny>center</aligny>
						<font>font12</font>
						<textcolor>$INFO[Skin.String(color.500)]</textcolor>
					</control>
					<control type="label">
						<left>90</left>
						<top>45</top>
						<width>585</width>
						<height>38</height>
						<label fallback="10005">$INFO[ListItem.AddonCreator]</label>
						<align>left</align>
						<aligny>center</aligny>
						<font>font12</font>
						<textcolor>white</textcolor>
						<shadowcolor>black</shadowcolor>
						<scroll>true</scroll>
					</control>
					<control type="label">
						<left>0</left>
						<top>90</top>
						<width>210</width>
						<height>38</height>
						<label>$LOCALIZE[24051]</label>
						<align>left</align>
						<aligny>center</aligny>
						<font>font12</font>
						<textcolor>$INFO[Skin.String(color.500)]</textcolor>
					</control>
					<control type="label">
						<left>90</left>
						<top>90</top>
						<width>585</width>
						<height>38</height>
						<label fallback="10005">$INFO[ListItem.AddonVersion]</label>
						<align>left</align>
						<aligny>center</aligny>
						<font>font12</font>
						<textcolor>white</textcolor>
						<shadowcolor>black</shadowcolor>
						<scroll>true</scroll>
					</control>
					<control type="label">
						<left>0</left>
						<top>135</top>
						<width>210</width>
						<height>38</height>
						<label>$LOCALIZE[20037]:</label>
						<align>left</align>
						<aligny>center</aligny>
						<font>font12</font>
						<textcolor>$INFO[Skin.String(color.500)]</textcolor>
					</control>
					<control type="fadelabel">
						<left>90</left>
						<top>135</top>
						<width>705</width>
						<height>38</height>
						<label fallback="10005">$INFO[ListItem.AddonSummary]</label>
						<align>left</align>
						<aligny>center</aligny>
						<font>font12</font>
						<textcolor>white</textcolor>
						<shadowcolor>black</shadowcolor>
						<scroll>true</scroll>
					</control>
					<control type="image">
						<left>0</left>
						<top>200</top>
						<width>800</width>
						<height>1</height>
						<texture background="true" colordiffuse="$INFO[Skin.String(color.500)]">backgrounds/white.png</texture>
					</control>
					<control type="label">
						<left>0</left>
						<top>220</top>
						<width>450</width>
						<height>38</height>
						<font>font12</font>
						<label>$LOCALIZE[21821]</label>
						<align>left</align>
						<aligny>center</aligny>
						<font>font12</font>
						<textcolor>$INFO[Skin.String(color.500)]</textcolor>
						<shadowcolor>black</shadowcolor>
					</control>
					<control type="group">
						<control type="textbox" id="400">
							<left>0</left>
							<top>270</top>
							<width>800</width>
							<height>230</height>
							<font>font12</font>
							<align>justify</align>
							<textcolor>white</textcolor>
							<shadowcolor>black</shadowcolor>
							<label>$INFO[ListItem.AddonDescription]</label>
							<autoscroll time="2000" delay="6000" repeat="10000">true</autoscroll>
						</control>
					</control>
				</control>
				<control type="grouplist" id="9000">
					<left>20</left>
					<top>245</top>
					<width>340</width>
					<height>410</height>
					<onleft>60</onleft>
					<onright>60</onright>
					<onup>9000</onup>
					<ondown>9000</ondown>
					<itemgap>10</itemgap>
					<control type="button" id="9">
						<width>340</width>
						<height>60</height>
						<font>label</font>
						<label>24020</label>
						<align>left</align>
						<texturefocus colordiffuse="$INFO[Skin.String(color.500)]">backgrounds/white.png</texturefocus>
						<texturenofocus colordiffuse="button.nf">backgrounds/white.png</texturenofocus>
						<textcolor>white</textcolor>
						<focusedcolor>white</focusedcolor>
						<selectedcolor>$INFO[Skin.String(color.500)]</selectedcolor>
						<disabledcolor>$INFO[Skin.String(color.400)]</disabledcolor>
						<shadowcolor>black</shadowcolor>
					</control>
					<control type="button" id="10">
						<width>340</width>
						<height>60</height>
						<font>label</font>
						<label>39024</label>
						<align>left</align>
						<texturefocus colordiffuse="$INFO[Skin.String(color.500)]">backgrounds/white.png</texturefocus>
						<texturenofocus colordiffuse="button.nf">backgrounds/white.png</texturenofocus>
						<textcolor>white</textcolor>
						<focusedcolor>white</focusedcolor>
						<selectedcolor>$INFO[Skin.String(color.500)]</selectedcolor>
						<disabledcolor>$INFO[Skin.String(color.400)]</disabledcolor>
						<shadowcolor>black</shadowcolor>
					</control>
					<control type="button" id="8">
						<width>340</width>
						<height>60</height>
						<font>label</font>
						<label>24069</label>
						<align>left</align>
						<texturefocus colordiffuse="$INFO[Skin.String(color.500)]">backgrounds/white.png</texturefocus>
						<texturenofocus colordiffuse="button.nf">backgrounds/white.png</texturenofocus>
						<textcolor>white</textcolor>
						<focusedcolor>white</focusedcolor>
						<selectedcolor>$INFO[Skin.String(color.500)]</selectedcolor>
						<disabledcolor>$INFO[Skin.String(color.400)]</disabledcolor>
						<shadowcolor>black</shadowcolor>
					</control>
					<control type="radiobutton" id="13">
						<width>340</width>
						<height>60</height>
						<font>label</font>
						<label>21340</label>
						<align>left</align>
						<textureradioonfocus colordiffuse="$INFO[Skin.String(color.900)]">radiobutton-focus.png</textureradioonfocus>
						<textureradioonnofocus colordiffuse="white">radiobutton-focus.png</textureradioonnofocus>
						<textureradioondisabled colordiffuse="$INFO[Skin.String(color.400)]">radiobutton-focus.png</textureradioondisabled>
						<textureradioofffocus colordiffuse="$INFO[Skin.String(color.900)]">radiobutton-nofocus.png</textureradioofffocus>
						<textureradiooffnofocus colordiffuse="white">radiobutton-nofocus.png</textureradiooffnofocus>
						<textureradiooffdisabled colordiffuse="$INFO[Skin.String(color.400)]">radiobutton-nofocus.png</textureradiooffdisabled>
						<texturefocus colordiffuse="$INFO[Skin.String(color.500)]">backgrounds/white.png</texturefocus>
						<texturenofocus colordiffuse="button.nf">backgrounds/white.png</texturenofocus>
						<textcolor>white</textcolor>
						<focusedcolor>white</focusedcolor>
						<selectedcolor>$INFO[Skin.String(color.500)]</selectedcolor>
						<disabledcolor>$INFO[Skin.String(color.400)]</disabledcolor>
						<shadowcolor>black</shadowcolor>
					</control>
					<control type="button" id="12">
						<width>340</width>
						<height>60</height>
						<font>label</font>
						<label>518</label>
						<align>left</align>
						<texturefocus colordiffuse="$INFO[Skin.String(color.500)]">backgrounds/white.png</texturefocus>
						<texturenofocus colordiffuse="button.nf">backgrounds/white.png</texturenofocus>
						<textcolor>white</textcolor>
						<focusedcolor>white</focusedcolor>
						<selectedcolor>$INFO[Skin.String(color.500)]</selectedcolor>
						<disabledcolor>$INFO[Skin.String(color.400)]</disabledcolor>
						<shadowcolor>black</shadowcolor>
					</control>
					<control type="button" id="6">
						<width>340</width>
						<height>60</height>
						<font>label</font>
						<label>24022</label>
						<align>left</align>
						<texturefocus colordiffuse="$INFO[Skin.String(color.500)]">backgrounds/white.png</texturefocus>
						<texturenofocus colordiffuse="button.nf">backgrounds/white.png</texturenofocus>
						<textcolor>white</textcolor>
						<focusedcolor>white</focusedcolor>
						<selectedcolor>$INFO[Skin.String(color.500)]</selectedcolor>
						<disabledcolor>$INFO[Skin.String(color.400)]</disabledcolor>
						<shadowcolor>black</shadowcolor>
					</control>
					<control type="button" id="7">
						<width>340</width>
						<height>60</height>
						<font>label</font>
						<label>24021</label>
						<align>left</align>
						<texturefocus colordiffuse="$INFO[Skin.String(color.500)]">backgrounds/white.png</texturefocus>
						<texturenofocus colordiffuse="button.nf">backgrounds/white.png</texturenofocus>
						<textcolor>white</textcolor>
						<focusedcolor>white</focusedcolor>
						<selectedcolor>$INFO[Skin.String(color.500)]</selectedcolor>
						<disabledcolor>$INFO[Skin.String(color.400)]</disabledcolor>
						<shadowcolor>black</shadowcolor>
					</control>
				</control>
			</control>
		</control>
	</controls>
</window>