<?xml version="1.0" encoding="UTF-8"?>
<window>
	<defaultcontrol always="true">50</defaultcontrol>
	<onload condition="Skin.HasSetting(StopVideoOnBack) + !Player.HasAudio">PlayerControl(Stop)</onload>
	<menucontrol>9000</menucontrol>
	<views>50</views>
	<controls>
		<include>CommonBackground</include>
		<control type="image">
			<left>0</left>
			<top>0</top>
			<width>100%</width>
			<height>100%</height>
			<texture>backgrounds/fade.png</texture>
			<aspectratio>scale</aspectratio>
			<visible>Skin.HasSetting(UseCustomBackground) + Skin.String(CustomBackgroundPath)</visible>
		</control>
		<control type="group">
			<visible>!Skin.HasSetting(View50HideClock)</visible>
			<visible>!Player.HasAudio + !Skin.HasSetting(homepageMusicinfo)</visible>
			<visible>!Player.HasVideo + !Skin.HasSetting(homepageVideoinfo)</visible>
			<control type="label">
				<top>125r</top>
				<left>20</left>
				<width>500</width>
				<height>22</height>
				<font>font14</font>
				<align>left</align>
				<aligny>center</aligny>
				<label>$INFO[System.Date]</label>
				<textcolor>white</textcolor>
				<shadowcolor>black</shadowcolor>
			</control>
			<control type="label">
				<top>80r</top>
				<left>20</left>
				<width>500</width>
				<height>30</height>
				<align>left</align>
				<aligny>center</aligny>
				<font>font35_title</font>
				<textcolor>$INFO[Skin.String(color.500)]</textcolor>
				<shadowcolor>black</shadowcolor>
				<label>$INFO[System.Time(hh:mm:ss)]</label>
			</control>
		</control>
		<control type="image">
			<left>0</left>
			<top>935</top>
			<width>1920</width>
			<height>64</height>
			<texture colordiffuse="$INFO[Skin.String(color.500)]">menu_bar_views.png</texture>
		</control>
		<control type="group">
			<left>0</left>
			<top>510</top>
			<visible>Player.HasAudio + !Skin.HasSetting(homepageMusicinfo) + String.IsEmpty(Window(Videos).Property(PlayingBackgroundMedia))</visible>
			<control type="group">
				<control type="label">
					<left>20</left>
					<top>440</top>
					<height>38</height>
					<width>560</width>
					<align>left</align>
					<aligny>center</aligny>
					<font>breadcrumb</font>
					<textcolor>$INFO[Skin.String(color.500)]</textcolor>
					<shadowcolor>black</shadowcolor>
					<label>$INFO[Player.Title]</label>
					<scroll>true</scroll>
				</control>
				<control type="label">
					<left>20</left>
					<top>470</top>
					<height>38</height>
					<width>560</width>
					<align>left</align>
					<aligny>center</aligny>
					<font>breadcrumb.secondary</font>
					<textcolor>$INFO[Skin.String(color.500)]</textcolor>
					<shadowcolor>black</shadowcolor>
					<label>$INFO[MusicPlayer.Artist] [COLORwhite]$INFO[MusicPlayer.Album]$INFO[musicplayer.discnumber, - $LOCALIZE[427]: ][/COLOR]</label>
					<scroll>true</scroll>
				</control>
				<control type="label">
					<left>20</left>
					<top>500</top>
					<height>38</height>
					<width>560</width>
					<align>left</align>
					<aligny>center</aligny>
					<font>breadcrumb.secondary</font>
					<textcolor>white</textcolor>
					<shadowcolor>black</shadowcolor>
					<label>$INFO[Player.Time] / $INFO[Player.Duration,]</label>
					<scroll>true</scroll>
				</control>
			</control>
		</control>
		<control type="group">
			<left>0</left>
			<top>480</top>
			<visible>Player.HasVideo + !Skin.HasSetting(homepageVideoinfo) + String.IsEmpty(Window(Videos).Property(PlayingBackgroundMedia))</visible>
				<control type="group">
				<visible>!VideoPlayer.Content(Movies) + !VideoPlayer.Content(Episodes) + !VideoPlayer.Content(LiveTV)</visible>
				<control type="label">
					<left>20</left>
					<top>500</top>
					<height>38</height>
					<width>560</width>
					<align>left</align>
					<aligny>center</aligny>
					<font>breadcrumb</font>
					<textcolor>$INFO[Skin.String(color.500)]</textcolor>
					<shadowcolor>black</shadowcolor>
					<label>$INFO[Player.Title]</label>
					<scroll>true</scroll>
				</control>
				<control type="label">
					<left>20</left>
					<top>530</top>
					<height>38</height>
					<width>560</width>
					<align>left</align>
					<aligny>center</aligny>
					<font>breadcrumb.secondary</font>
					<textcolor>white</textcolor>
					<shadowcolor>black</shadowcolor>
					<label>$INFO[Player.Time] / $INFO[Player.Duration,]</label>
				</control>
			</control>
			<control type="group">
				<visible>VideoPlayer.Content(LiveTV)</visible>
				<control type="label">
					<left>20</left>
					<top>470</top>
					<height>38</height>
					<width>560</width>
					<align>left</align>
					<aligny>center</aligny>
					<font>breadcrumb</font>
					<textcolor>$INFO[Skin.String(color.500)]</textcolor>
					<shadowcolor>black</shadowcolor>
					<label>$INFO[Player.Title]</label>
					<scroll>true</scroll>
				</control>
				<control type="label">
					<left>20</left>
					<top>500</top>
					<height>38</height>
					<width>560</width>
					<align>left</align>
					<aligny>center</aligny>
					<font>breadcrumb.secondary</font>
					<textcolor>white</textcolor>
					<shadowcolor>black</shadowcolor>
					<label>$INFO[VideoPlayer.ChannelName]</label>
					<scroll>true</scroll>
				</control>
				<control type="label">
					<left>20</left>
					<top>530</top>
					<height>38</height>
					<width>560</width>
					<align>left</align>
					<aligny>center</aligny>
					<font>breadcrumb.secondary</font>
					<textcolor>white</textcolor>
					<shadowcolor>black</shadowcolor>
					<label>$INFO[Player.Time] / $INFO[Player.Duration,]</label>
				</control>
			</control>
			<control type="group">
				<visible>VideoPlayer.Content(Movies)</visible>
				<control type="label">
					<left>20</left>
					<top>470</top>
					<height>38</height>
					<width>560</width>
					<align>left</align>
					<aligny>center</aligny>
					<font>breadcrumb</font>
					<textcolor>$INFO[Skin.String(color.500)]</textcolor>
					<shadowcolor>black</shadowcolor>
					<label>$INFO[Player.Title]</label>
					<scroll>true</scroll>
				</control>
				<control type="label">
					<left>20</left>
					<top>500</top>
					<height>38</height>
					<width>560</width>
					<align>left</align>
					<aligny>center</aligny>
					<font>breadcrumb.secondary</font>
					<textcolor>white</textcolor>
					<shadowcolor>black</shadowcolor>
					<label>$INFO[VideoPlayer.Studio]</label>
					<scroll>true</scroll>
				</control>
				<control type="label">
					<left>20</left>
					<top>530</top>
					<height>38</height>
					<width>560</width>
					<align>left</align>
					<aligny>center</aligny>
					<font>breadcrumb.secondary</font>
					<textcolor>white</textcolor>
					<shadowcolor>black</shadowcolor>
					<label>$INFO[Player.Time] / $INFO[Player.Duration,]</label>
				</control>
			</control>
			<control type="group">
				<visible>VideoPlayer.Content(Episodes)</visible>
				<control type="label">
					<left>20</left>
					<top>470</top>
					<height>38</height>
					<width>560</width>
					<align>left</align>
					<aligny>center</aligny>
					<font>breadcrumb</font>
					<textcolor>$INFO[Skin.String(color.500)]</textcolor>
					<shadowcolor>black</shadowcolor>
					<label>$INFO[Player.Title]</label>
					<scroll>true</scroll>
				</control>
				<control type="label">
					<left>20</left>
					<top>500</top>
					<height>38</height>
					<width>560</width>
					<align>left</align>
					<aligny>center</aligny>
					<font>breadcrumb.secondary</font>
					<textcolor>white</textcolor>
					<shadowcolor>black</shadowcolor>
					<label>$INFO[VideoPlayer.TVShowTitle] ($INFO[VideoPlayer.Season,$LOCALIZE[20373] , - ]$INFO[VideoPlayer.episode,$LOCALIZE[20359] ,])</label>
					<scroll>true</scroll>
				</control>
				<control type="label">
					<left>20</left>
					<top>530</top>
					<height>38</height>
					<width>450</width>
					<align>left</align>
					<aligny>center</aligny>
					<font>breadcrumb.secondary</font>
					<textcolor>white</textcolor>
					<shadowcolor>black</shadowcolor>
					<label>$INFO[Player.Time] / $INFO[Player.Duration,]</label>
				</control>
			</control>
		</control>
		<control type="label">
			<left>520r</left>
			<top>1010</top>
			<height>38</height>
			<width>500</width>
			<align>right</align>
			<aligny>center</aligny>
			<font>breadcrumb.secondary</font>
			<textcolor>white</textcolor>
			<shadowcolor>black</shadowcolor>
			<label>$INFO[Container.NumItems] $LOCALIZE[31025] $INFO[Container.CurrentPage,$LOCALIZE[31024] ]$INFO[Container.NumPages,/,]</label>
		</control>
		<control type="group">
			<include condition="String.IsEqual(Skin.AspectRatio,4:3)">TallFatListContainer</include>
			<top>20</top>
			<left>20</left>
			<width>1900</width>
			<include>Window_OpenClose_Animation</include>
			<description>TV Channels group</description>
			<visible>Control.IsVisible(50)</visible>
			<include>VisibleFadeEffect</include>
			<control type="group">
				<left>785</left>
				<height>700</height>
				<control type="image">
					<left>0</left>
					<top>0</top>
					<width>1100</width>
					<height>625</height>
					<texture colordiffuse="button.nf">backgrounds/white.png</texture>
				</control>
				<control type="image">
					<left>0</left>
					<top>0</top>
					<width>1100</width>
					<height>625</height>
					<aspectratio>keep</aspectratio>
					<texture>$INFO[ListItem.Icon]</texture>
					<visible>String.IsEmpty(ListItem.EPGEventIcon)</visible>
				</control>
				<control type="image">
					<left>0</left>
					<top>0</top>
					<width>1100</width>
					<height>625</height>
					<texture>$INFO[ListItem.EPGEventIcon]</texture>
					<aspectratio>stretch</aspectratio>
					<visible>!String.IsEmpty(ListItem.EPGEventIcon)</visible>
					<visible>ListItem.HasEpg</visible>
					<visible>!Player.HasVideo</visible>
				</control>
				<control type="videowindow">
					<left>0</left>
					<top>0</top>
					<width>1100</width>
					<height>625</height>
					<visible>Player.HasVideo</visible>
				</control>
				<control type="image">
					<left>0</left>
					<top>580</top>
					<width>1100</width>
					<height>45</height>
					<texture colordiffuse="button.nf">backgrounds/white.png</texture>
					<visible>Player.HasVideo</visible>
				</control>
				<control type="label">
					<left>14</left>
					<top>580</top>
					<width>1070</width>
					<height>45</height>
					<font>label</font>
					<textcolor>$INFO[Skin.String(color.500)]</textcolor>
					<shadowcolor>black</shadowcolor>
					<align>center</align>
					<aligny>center</aligny>
					<label>$INFO[VideoPlayer.ChannelName] [COLORwhite]$INFO[Player.Title][/COLOR]</label>
					<visible>Player.HasVideo</visible>
					<scroll>true</scroll>
				</control>
				<control type="label">
					<left>0</left>
					<top>650</top>
					<width>1100</width>
					<height>55</height>
					<font>secondary.info.big</font>
					<textcolor>white</textcolor>
					<shadowcolor>black</shadowcolor>
					<align>center</align>
					<aligny>center</aligny>
					<label>$INFO[Container(50).ListItem.Title]$INFO[ListItem.Duration, • ]$INFO[ListItem.Genre, • ,]</label>
					<scroll>true</scroll>
					<visible>!Container.Content(Seasons)</visible>
				</control>
				<control type="label">
					<left>0</left>
					<top>690</top>
					<width>102</width>
					<height>30</height>
					<align>left</align>
					<aligny>center</aligny>
					<font>font10_title</font>
					<textcolor>$INFO[Skin.String(color.500)]</textcolor>
					<shadowcolor>black</shadowcolor>
					<visible>Container(50).ListItem.HasEpg</visible>
					<label>$INFO[Container(50).ListItem.StartTime]</label>
				</control>
				<control type="progress">
					<description>Progressbar</description>
					<left>70</left>
					<top>700</top>
					<width>960</width>
					<height>7</height>
					<visible>Container(50).ListItem.HasEpg</visible>
					<info>Container(50).ListItem.Progress</info>
				</control>
				<control type="label">
					<left>980</left>
					<top>690</top>
					<width>120</width>
					<height>30</height>
					<align>right</align>
					<aligny>center</aligny>
					<font>font10_title</font>
					<textcolor>$INFO[Skin.String(color.500)]</textcolor>
					<shadowcolor>black</shadowcolor>
					<visible>Container(50).ListItem.HasEpg</visible>
					<label>$INFO[Container(50).ListItem.EndTime]</label>
				</control>
				<control type="textbox">
					<left>0</left>
					<top>735</top>
					<width>1100</width>
					<height>158</height>
					<font>font12</font>
					<align>justify</align>
					<textcolor>white</textcolor>
					<shadowcolor>black</shadowcolor>
					<label>$INFO[ListItem.Plot]</label>
					<autoscroll time="2000" delay="6000" repeat="10000">true</autoscroll>
				</control>
				<control type="label">
					<left>0</left>
					<top>910</top>
					<width>954</width>
					<height>30</height>
					<font>kai.secondary</font>
					<textcolor>$INFO[Skin.String(color.500)]</textcolor>
					<shadowcolor>black</shadowcolor>
					<align>left</align>
					<aligny>center</aligny>
					<scroll>false</scroll>
					<visible>!String.IsEmpty(Container(50).ListItem.NextTitle)</visible>
					<label>[COLORwhite]$LOCALIZE[19031]:[/COLOR] $INFO[Container(50).ListItem.NextTitle]</label>
				</control>
			</control>
			<control type="group">
				<visible>!Skin.HasSetting(Touchmode)</visible>
				<control type="image">
					<right>20</right>
					<top>25</top>
					<width>60</width>
					<height>60</height>
					<texture colordiffuse="button.nf">backgrounds/white.png</texture>
				</control>
				<control type="button" id="998">
					<right>25</right>
					<top>30</top>
					<width>50</width>
					<height>50</height>
					<label></label>
					<font/>
					<onclick>ActivateWindow(home)</onclick>
					<texturefocus colordiffuse="$INFO[Skin.String(color.500)]">icons/home.png</texturefocus>
					<texturenofocus colordiffuse="white">icons/home.png</texturenofocus>
					<onleft>999</onleft>
					<onright>999</onright>
					<onup></onup>
					<ondown></ondown>
				</control>
				<control type="image">
					<right>100</right>
					<top>25</top>
					<width>60</width>
					<height>60</height>
					<texture colordiffuse="button.nf">backgrounds/white.png</texture>
				</control>
				<control type="button" id="999">
					<right>110</right>
					<top>35</top>
					<width>40</width>
					<height>40</height>
					<label></label>
					<font/>
					<onclick>back</onclick>
					<texturefocus colordiffuse="$INFO[Skin.String(color.500)]">icons/back.png</texturefocus>
					<texturenofocus colordiffuse="white">icons/back.png</texturenofocus>
					<onleft>9001</onleft>
					<onright>998</onright>
					<onup></onup>
					<ondown></ondown>
				</control>
				<control type="image">
					<right>180</right>
					<top>25</top>
					<width>60</width>
					<height>60</height>
					<texture colordiffuse="button.nf">backgrounds/white.png</texture>
				</control>
				<control type="button" id="9001">
					<right>190</right>
					<top>35</top>
					<width>40</width>
					<height>40</height>
					<label></label>
					<font/>
					<onclick></onclick>
					<texturefocus colordiffuse="$INFO[Skin.String(color.500)]">icons/settings.png</texturefocus>
					<texturenofocus colordiffuse="white">icons/settings.png</texturenofocus>
					<onleft>9000</onleft>
					<onright>998</onright>
					<onup></onup>
					<ondown></ondown>
				</control>
			</control>
			<control type="list" id="50">
				<include condition="String.IsEqual(Skin.AspectRatio,4:3)">TallFatListSlide</include>
				<width>700</width>
				<height>900</height>
				<onleft>100</onleft>
				<onright>70</onright>
				<onup>50</onup>
				<ondown>50</ondown>
				<viewtype label="535">list</viewtype>
				<pagecontrol>70</pagecontrol>
				<scrolltime>200</scrolltime>
				<itemlayout height="100" width="700">
					<control type="image">
						<left>4</left>
						<top>0</top>
						<width>700</width>
						<height>90</height>
						<texture colordiffuse="button.nf">backgrounds/white.png</texture>
					</control>
					<control type="group">
						<left>4</left>
						<top>4</top>
						<control type="label">
							<left>15</left>
							<top>-3</top>
							<width>60</width>
							<height>45</height>
							<font>channel</font>
							<textcolor>white</textcolor>
							<selectedcolor>$INFO[Skin.String(color.500)]</selectedcolor>
							<shadowcolor>black</shadowcolor>
							<align>left</align>
							<info>ListItem.ChannelNumberLabel</info>
						</control>
						<control type="label">
							<left>75</left>
							<top>0</top>
							<width>500</width>
							<height>30</height>
							<font>label</font>
							<textcolor>white</textcolor>
							<selectedcolor>$INFO[Skin.String(color.500)]</selectedcolor>
							<shadowcolor>black</shadowcolor>
							<align>left</align>
							<aligny>center</aligny>
							<label>$INFO[ListItem.Label]</label>
						</control>
						<control type="label">
							<left>75</left>
							<top>30</top>
							<width>500</width>
							<height>30</height>
							<font>secondary.info</font>
							<textcolor>white</textcolor>
							<selectedcolor>$INFO[Skin.String(color.500)]</selectedcolor>
							<shadowcolor>black</shadowcolor>
							<align>left</align>
							<aligny>center</aligny>
							<label>$INFO[ListItem.Title]</label>
							<visible>String.IsEmpty(Listitem.Icon)</visible>
							<scroll>false</scroll>
						</control>
						<control type="label">
							<left>75</left>
							<top>30</top>
							<width>500</width>
							<height>30</height>
							<font>secondary.info</font>
							<textcolor>white</textcolor>
							<selectedcolor>$INFO[Skin.String(color.500)]</selectedcolor>
							<shadowcolor>black</shadowcolor>
							<align>left</align>
							<aligny>center</aligny>
							<label>$INFO[ListItem.Title]</label>
							<visible>!String.IsEmpty(Listitem.Icon)</visible>
							<scroll>false</scroll>
						</control>
						<control type="progress">
							<description>Progressbar</description>
							<left>75</left>
							<top>70</top>
							<width>500</width>
							<height>7</height>
							<midtexture colordiffuse="$INFO[Skin.String(color.500)]">backgrounds/white.png</midtexture>
							<info>ListItem.Progress</info>
							<visible>ListItem.HasEpg</visible>
						</control>
						<control type="image">
							<left>600</left>
							<top>1</top>
							<width>80</width>
							<height>80</height>
							<align>right</align>
							<aligny>center</aligny>
							<aspectratio>keep</aspectratio>
							<texture>$INFO[ListItem.Icon]</texture>
						</control>
					</control>
				</itemlayout>
				<focusedlayout height="100" width="700">
					<control type="image">
						<left>4</left>
						<top>0</top>
						<width>700</width>
						<height>90</height>
						<texture colordiffuse="$INFO[Skin.String(color.500]">backgrounds/white.png</texture>
					</control>
					<control type="group">
						<left>4</left>
						<top>4</top>
						<control type="label">
							<animation type="focus" loop="false" reversible="false">
								<effect type="zoom" start="95" end="110" center="auto" tween="sine" easing="out" time="200"/>
							</animation>
							<left>15</left>
							<top>-3</top>
							<width>60</width>
							<height>45</height>
							<font>channel</font>
							<textcolor>white</textcolor>
							<selectedcolor>$INFO[Skin.String(color.500)]</selectedcolor>
							<shadowcolor>black</shadowcolor>
							<align>left</align>
							<info>ListItem.ChannelNumberLabel</info>
						</control>
						<control type="label">
							<animation type="focus" loop="false" reversible="false">
								<effect type="zoom" start="95" end="110" center="auto" tween="sine" easing="out" time="200"/>
							</animation>
							<left>100</left>
							<top>0</top>
							<width>500</width>
							<height>30</height>
							<font>label</font>
							<textcolor>white</textcolor>
							<selectedcolor>$INFO[Skin.String(color.500)]</selectedcolor>
							<shadowcolor>black</shadowcolor>
							<align>left</align>
							<aligny>center</aligny>
							<label>$INFO[ListItem.Label]</label>
						</control>
						<control type="label">
							<left>75</left>
							<top>30</top>
							<width>500</width>
							<height>30</height>
							<font>secondary.info</font>
							<textcolor>white</textcolor>
							<selectedcolor>$INFO[Skin.String(color.500)]</selectedcolor>
							<shadowcolor>black</shadowcolor>
							<align>left</align>
							<aligny>center</aligny>
							<label>$INFO[ListItem.Title]</label>
							<visible>String.IsEmpty(Listitem.Icon)</visible>
						</control>
						<control type="label">
							<left>75</left>
							<top>30</top>
							<width>500</width>
							<height>30</height>
							<font>secondary.info</font>
							<textcolor>white</textcolor>
							<selectedcolor>$INFO[Skin.String(color.500)]</selectedcolor>
							<shadowcolor>black</shadowcolor>
							<align>left</align>
							<aligny>center</aligny>
							<label>$INFO[ListItem.Title]</label>
							<visible>!String.IsEmpty(Listitem.Icon)</visible>
						</control>
						<control type="progress">
							<description>Progressbar</description>
							<left>75</left>
							<top>70</top>
							<width>500</width>
							<height>7</height>
							<midtexture>backgrounds/white.png</midtexture>
							<info>ListItem.Progress</info>
							<visible>ListItem.HasEpg</visible>
						</control>
						<control type="image">
							<left>600</left>
							<top>1</top>
							<width>80</width>
							<height>80</height>
							<align>right</align>
							<aligny>center</aligny>
							<aspectratio>keep</aspectratio>
							<texture>$INFO[ListItem.Icon]</texture>
						</control>
					</control>
				</focusedlayout>
			</control>
			<control type="scrollbar" id="70">
				<left>710</left>
				<top>0</top>
				<width>5</width>
				<height>890</height>
				<onleft>50</onleft>
				<onright>999</onright>
				<orientation>vertical</orientation>
			</control>
		</control>
		<include>PVRSideBlade</include>
		<include>PVRChannelNumberInput</include>
	</controls>
</window>
