<includes>
	<include name="skinshortcuts-mainmenu">
		<item id="1">
			<property name="id">$NUMBER[1]</property>
			<label>TV</label>
			<label2>TV</label2>
			<icon>DefaultTVShows.png</icon>
			<thumb />
			<property name="labelID">tv</property>
			<property name="defaultID">19019</property>
			<property name="translatedPath">ActivateWindow(TVChannels)</property>
			<property name="widgetLayout">Square</property>
			<visible>System.HasPVRAddon</visible>
			<onclick>ActivateWindow(TVChannels)</onclick>
			<property name="path">ActivateWindow(TVChannels)</property>
			<property name="list">TVChannels</property>
			<visible>String.IsEqual(System.ProfileName,Master user)</visible>
			<property name="submenuVisibility">tv</property>
			<property name="group">mainmenu</property>
			<property name="hasSubmenu">False</property>
			</item>
		<item id="2">
			<property name="id">$NUMBER[2]</property>
			<label>xStream</label>
			<label2>Video-Addon</label2>
			<icon>DefaultShortcut.png</icon>
			<thumb>thumb</thumb>
			<property name="labelID">plugin.video.xstream</property>
			<property name="defaultID">plugin.video.xstream</property>
			<property name="translatedPath">ActivateWindow(Videos,"plugin://plugin.video.xstream",return)</property>
			<property name="widgetLayout">Square</property>
			<onclick>ActivateWindow(Videos,"plugin://plugin.video.xstream",return)</onclick>
			<property name="path">ActivateWindow(Videos,"plugin://plugin.video.xstream",return)</property>
			<property name="list">plugin://plugin.video.xstream</property>
			<visible>String.IsEqual(System.ProfileName,Master user)</visible>
			<property name="submenuVisibility">plugin-video-xstream</property>
			<property name="group">mainmenu</property>
			<property name="hasSubmenu">False</property>
			</item>
		<item id="3">
			<property name="id">$NUMBER[3]</property>
			<label>MP3 Streams</label>
			<label2>Musik-Addon</label2>
			<icon>DefaultShortcut.png</icon>
			<thumb>thumb</thumb>
			<property name="labelID">plugin.audio.m3sr2019</property>
			<property name="defaultID">plugin.audio.m3sr2019</property>
			<property name="translatedPath">ActivateWindow(Music,"plugin://plugin.audio.m3sr2019",return)</property>
			<property name="widgetLayout">Square</property>
			<onclick>ActivateWindow(Music,"plugin://plugin.audio.m3sr2019",return)</onclick>
			<property name="path">ActivateWindow(Music,"plugin://plugin.audio.m3sr2019",return)</property>
			<property name="list">plugin://plugin.audio.m3sr2019</property>
			<visible>String.IsEqual(System.ProfileName,Master user)</visible>
			<property name="submenuVisibility">plugin-audio-m3sr2019</property>
			<property name="group">mainmenu</property>
			<property name="hasSubmenu">False</property>
			</item>
		<item id="4">
			<property name="id">$NUMBER[4]</property>
			<label>$LOCALIZE[342]</label>
			<label2>Gemeinsamer Menüeintrag</label2>
			<icon>DefaultMovies.png</icon>
			<thumb />
			<property name="labelID">movies</property>
			<property name="defaultID">movies</property>
			<property name="widgetLayout">Square</property>
			<visible>[Library.HasContent(Movies)] + [Library.HasContent(Movies)]</visible>
			<onclick>ActivateWindow(Videos,videodb://movies/titles/,return)</onclick>
			<property name="path">ActivateWindow(Videos,videodb://movies/titles/,return)</property>
			<property name="list">videodb://movies/titles/</property>
			<visible>String.IsEqual(System.ProfileName,Master user)</visible>
			<property name="submenuVisibility">movies</property>
			<property name="group">mainmenu</property>
			<property name="hasSubmenu">True</property>
			</item>
		<item id="5">
			<property name="id">$NUMBER[5]</property>
			<label>$LOCALIZE[20343]</label>
			<label2>Gemeinsamer Menüeintrag</label2>
			<icon>DefaultTVShows.png</icon>
			<thumb />
			<property name="labelID">tvshows</property>
			<property name="defaultID">tvshows</property>
			<property name="widgetLayout">Square</property>
			<visible>[Library.HasContent(TVShows)] + [Library.HasContent(TVShows)]</visible>
			<onclick>ActivateWindow(Videos,videodb://tvshows/titles/,return)</onclick>
			<property name="path">ActivateWindow(Videos,videodb://tvshows/titles/,return)</property>
			<property name="list">videodb://tvshows/titles/</property>
			<visible>String.IsEqual(System.ProfileName,Master user)</visible>
			<property name="submenuVisibility">tvshows</property>
			<property name="group">mainmenu</property>
			<property name="hasSubmenu">True</property>
			</item>
		<item id="6">
			<property name="id">$NUMBER[6]</property>
			<label>TV Spielfilm</label>
			<label2>Video-Addon</label2>
			<icon>DefaultShortcut.png</icon>
			<thumb>thumb</thumb>
			<property name="labelID">plugin.video.tvspielfilm_de</property>
			<property name="defaultID">plugin.video.tvspielfilm_de</property>
			<property name="translatedPath">ActivateWindow(Videos,"plugin://plugin.video.tvspielfilm_de",return)</property>
			<property name="widgetLayout">Square</property>
			<onclick>ActivateWindow(Videos,"plugin://plugin.video.tvspielfilm_de",return)</onclick>
			<property name="path">ActivateWindow(Videos,"plugin://plugin.video.tvspielfilm_de",return)</property>
			<property name="list">plugin://plugin.video.tvspielfilm_de</property>
			<visible>String.IsEqual(System.ProfileName,Master user)</visible>
			<property name="submenuVisibility">plugin-video-tvspielfilm-de</property>
			<property name="group">mainmenu</property>
			<property name="hasSubmenu">False</property>
			</item>
		<item id="7">
			<property name="id">$NUMBER[7]</property>
			<label>M3U</label>
			<label2>Video-Addon</label2>
			<icon>DefaultShortcut.png</icon>
			<thumb>thumb</thumb>
			<property name="labelID">plugin.video.playlistloader</property>
			<property name="defaultID">plugin.video.playlistloader</property>
			<property name="translatedPath">ActivateWindow(Videos,"plugin://plugin.video.playlistloader",return)</property>
			<property name="widgetLayout">Square</property>
			<onclick>ActivateWindow(Videos,"plugin://plugin.video.playlistloader",return)</onclick>
			<property name="path">ActivateWindow(Videos,"plugin://plugin.video.playlistloader",return)</property>
			<property name="list">plugin://plugin.video.playlistloader</property>
			<visible>String.IsEqual(System.ProfileName,Master user)</visible>
			<property name="submenuVisibility">plugin-video-playlistloader</property>
			<property name="group">mainmenu</property>
			<property name="hasSubmenu">False</property>
			</item>
		<item id="8">
			<property name="id">$NUMBER[8]</property>
			<label>XSHIP</label>
			<label2>Video-Addon</label2>
			<icon>DefaultShortcut.png</icon>
			<thumb>thumb</thumb>
			<property name="labelID">plugin.video.xship</property>
			<property name="defaultID">plugin.video.xship</property>
			<property name="translatedPath">ActivateWindow(Videos,"plugin://plugin.video.xship",return)</property>
			<property name="widgetLayout">Square</property>
			<onclick>ActivateWindow(Videos,"plugin://plugin.video.xship",return)</onclick>
			<property name="path">ActivateWindow(Videos,"plugin://plugin.video.xship",return)</property>
			<property name="list">plugin://plugin.video.xship</property>
			<visible>String.IsEqual(System.ProfileName,Master user)</visible>
			<property name="submenuVisibility">plugin-video-xship</property>
			<property name="group">mainmenu</property>
			<property name="hasSubmenu">False</property>
			</item>
		<item id="9">
			<property name="id">$NUMBER[9]</property>
			<label>Radio.DE</label>
			<label2>Musik-Addon</label2>
			<icon>DefaultShortcut.png</icon>
			<thumb>thumb</thumb>
			<property name="labelID">plugin.audio.radio_de</property>
			<property name="defaultID">plugin.audio.radio_de</property>
			<property name="translatedPath">ActivateWindow(Music,"plugin://plugin.audio.radio_de",return)</property>
			<property name="widgetLayout">Square</property>
			<onclick>ActivateWindow(Music,"plugin://plugin.audio.radio_de",return)</onclick>
			<property name="path">ActivateWindow(Music,"plugin://plugin.audio.radio_de",return)</property>
			<property name="list">plugin://plugin.audio.radio_de</property>
			<visible>String.IsEqual(System.ProfileName,Master user)</visible>
			<property name="submenuVisibility">plugin-audio-radio-de</property>
			<property name="group">mainmenu</property>
			<property name="hasSubmenu">False</property>
			</item>
		<item id="10">
			<property name="id">$NUMBER[10]</property>
			<label>Joyn</label>
			<label2>Video-Addon</label2>
			<icon>DefaultShortcut.png</icon>
			<thumb>thumb</thumb>
			<property name="labelID">plugin.video.joyn</property>
			<property name="defaultID">plugin.video.joyn</property>
			<property name="translatedPath">ActivateWindow(Videos,"plugin://plugin.video.joyn",return)</property>
			<property name="widgetLayout">Square</property>
			<onclick>ActivateWindow(Videos,"plugin://plugin.video.joyn",return)</onclick>
			<property name="path">ActivateWindow(Videos,"plugin://plugin.video.joyn",return)</property>
			<property name="list">plugin://plugin.video.joyn</property>
			<visible>String.IsEqual(System.ProfileName,Master user)</visible>
			<property name="submenuVisibility">plugin-video-joyn</property>
			<property name="group">mainmenu</property>
			<property name="hasSubmenu">False</property>
			</item>
		<item id="11">
			<property name="id">$NUMBER[11]</property>
			<label>PLUTO TV</label>
			<label2>Video-Addon</label2>
			<icon>DefaultShortcut.png</icon>
			<thumb>image://https%3a%2f%2fflagcdn.com%2fh240%2fde.png/</thumb>
			<property name="labelID">plutotv</property>
			<property name="defaultID" />
			<property name="translatedPath">ActivateWindow(Videos,"plugin://slyguy.pluto.tv.provider/?_=live_tv&amp;code=de&amp;group=all",return)</property>
			<property name="widgetLayout">Square</property>
			<onclick>ActivateWindow(Videos,"plugin://slyguy.pluto.tv.provider/?_=live_tv&amp;code=de&amp;group=all",return)</onclick>
			<property name="path">ActivateWindow(Videos,"plugin://slyguy.pluto.tv.provider/?_=live_tv&amp;code=de&amp;group=all",return)</property>
			<property name="list">plugin://slyguy.pluto.tv.provider/?_=live_tv&amp;code=de&amp;group=all</property>
			<visible>String.IsEqual(System.ProfileName,Master user)</visible>
			<property name="submenuVisibility">plutotv</property>
			<property name="group">mainmenu</property>
			<property name="hasSubmenu">False</property>
			</item>
		<item id="12">
			<property name="id">$NUMBER[12]</property>
			<label>VIP SERIEN</label>
			<label2>Favorit</label2>
			<icon>DefaultFolder.png</icon>
			<thumb>/storage/emulated/0/Android/data/org.xbmc.kodi/files/.kodi/addons/plugin.video.xstream/resources/art/sites/serienstream.png</thumb>
			<property name="labelID">vipserien</property>
			<property name="defaultID">serienstream</property>
			<property name="translatedPath">ActivateWindow(10025,"plugin://plugin.video.xstream/?function=load&amp;params=0&amp;site=serienstream_to&amp;title=SerienStream&amp;trumb=%2fstorage%2femulated%2f0%2fAndroid%2fdata%2forg.xbmc.kodi%2ffiles%2f.kodi%2faddons%2fplugin.video.xstream%2fresources%2fart%2fsites%2fserienstream.png",return)</property>
			<property name="widgetLayout">Square</property>
			<onclick>ActivateWindow(10025,"plugin://plugin.video.xstream/?function=load&amp;params=0&amp;site=serienstream_to&amp;title=SerienStream&amp;trumb=%2fstorage%2femulated%2f0%2fAndroid%2fdata%2forg.xbmc.kodi%2ffiles%2f.kodi%2faddons%2fplugin.video.xstream%2fresources%2fart%2fsites%2fserienstream.png",return)</onclick>
			<property name="path">ActivateWindow(10025,"plugin://plugin.video.xstream/?function=load&amp;params=0&amp;site=serienstream_to&amp;title=SerienStream&amp;trumb=%2fstorage%2femulated%2f0%2fAndroid%2fdata%2forg.xbmc.kodi%2ffiles%2f.kodi%2faddons%2fplugin.video.xstream%2fresources%2fart%2fsites%2fserienstream.png",return)</property>
			<property name="list">plugin://plugin.video.xstream/?function=load&amp;params=0&amp;site=serienstream_to&amp;title=SerienStream&amp;trumb=%2fstorage%2femulated%2f0%2fAndroid%2fdata%2forg.xbmc.kodi%2ffiles%2f.kodi%2faddons%2fplugin.video.xstream%2fresources%2fart%2fsites%2fserienstream.png</property>
			<visible>String.IsEqual(System.ProfileName,Master user)</visible>
			<property name="submenuVisibility">vipserien</property>
			<property name="group">mainmenu</property>
			<property name="hasSubmenu">False</property>
			</item>
		<item id="13">
			<property name="id">$NUMBER[13]</property>
			<label>RADIO</label>
			<label2>Benutzerdefinierter Eintrag</label2>
			<icon>DefaultShortcut.png</icon>
			<thumb>image://%2fstorage%2femulated%2f0%2fAndroid%2fdata%2forg.xbmc.kodi%2ffiles%2f.kodi%2faddons%2fplugin.video.playlistloader%2fresources%2fimages%2fdefault-list-image.png/</thumb>
			<property name="labelID">radio</property>
			<property name="defaultID" />
			<property name="translatedPath">ActivateWindow(Videos,"plugin://plugin.video.playlistloader/?name=%5Bradio%5D&amp;url=special%3A%2F%2Fhome%2Fuserdata%2Faddon_data%2Fplugin.video.playlistloader%2Fkus_radio_de-1.m3u&amp;mode=2&amp;iconimage=%2Fstorage%2Femulated%2F0%2FAndroid%2Fdata%2Forg.xbmc.kodi%2Ffiles%2F.kodi%2Faddons%2Fplugin.video.playlistloader%2Fresources%2Fimages%2Fdefault-list-image.png&amp;logos=&amp;epg=&amp;cache=0&amp;uuid=02fffb26-c9a0-4096-be93-861612498849",return)</property>
			<property name="widgetLayout">Square</property>
			<onclick>ActivateWindow(Videos,"plugin://plugin.video.playlistloader/?name=Germany+Radio&amp;url=special%3A%2F%2Fhome%2Fuserdata%2Faddon_data%2Fplugin.video.playlistloader%2Fkus_radio_de-1.m3u&amp;mode=10&amp;iconimage=https%3A%2F%2Fwww.radio.de%2Fimages%2Fbroadcasts%2Fa1%2Fb6%2F39399%2F2%2Fc300.png&amp;logos=&amp;epg=&amp;cache=0&amp;uuid=0&amp;index=0",return)</onclick>
			<property name="path">ActivateWindow(Videos,"plugin://plugin.video.playlistloader/?name=Germany+Radio&amp;url=special%3A%2F%2Fhome%2Fuserdata%2Faddon_data%2Fplugin.video.playlistloader%2Fkus_radio_de-1.m3u&amp;mode=10&amp;iconimage=https%3A%2F%2Fwww.radio.de%2Fimages%2Fbroadcasts%2Fa1%2Fb6%2F39399%2F2%2Fc300.png&amp;logos=&amp;epg=&amp;cache=0&amp;uuid=0&amp;index=0",return)</property>
			<property name="list">plugin://plugin.video.playlistloader/?name=Germany+Radio&amp;url=special%3A%2F%2Fhome%2Fuserdata%2Faddon_data%2Fplugin.video.playlistloader%2Fkus_radio_de-1.m3u&amp;mode=10&amp;iconimage=https%3A%2F%2Fwww.radio.de%2Fimages%2Fbroadcasts%2Fa1%2Fb6%2F39399%2F2%2Fc300.png&amp;logos=&amp;epg=&amp;cache=0&amp;uuid=0&amp;index=0</property>
			<visible>String.IsEqual(System.ProfileName,Master user)</visible>
			<property name="submenuVisibility">radio</property>
			<property name="group">mainmenu</property>
			<property name="hasSubmenu">False</property>
			</item>
		<item id="14">
			<property name="id">$NUMBER[14]</property>
			<label>RTLPLUS - V.3</label>
			<label2>Video-Addon</label2>
			<icon>DefaultShortcut.png</icon>
			<thumb>thumb</thumb>
			<property name="labelID">plugin.video.rtlgroup.de</property>
			<property name="defaultID">plugin.video.rtlgroup.de</property>
			<property name="translatedPath">ActivateWindow(Videos,"plugin://plugin.video.rtlgroup.de",return)</property>
			<property name="widgetLayout">Square</property>
			<onclick>ActivateWindow(Videos,"plugin://plugin.video.rtlgroup.de",return)</onclick>
			<property name="path">ActivateWindow(Videos,"plugin://plugin.video.rtlgroup.de",return)</property>
			<property name="list">plugin://plugin.video.rtlgroup.de</property>
			<visible>String.IsEqual(System.ProfileName,Master user)</visible>
			<property name="submenuVisibility">plugin-video-rtlgroup-de</property>
			<property name="group">mainmenu</property>
			<property name="hasSubmenu">False</property>
			</item>
		<item id="15">
			<property name="id">$NUMBER[15]</property>
			<label>SportHD</label>
			<label2>Video-Addon</label2>
			<icon>DefaultShortcut.png</icon>
			<thumb>thumb</thumb>
			<property name="labelID">plugin.video.sporthdme</property>
			<property name="defaultID">plugin.video.sporthdme</property>
			<property name="translatedPath">ActivateWindow(Videos,"plugin://plugin.video.sporthdme",return)</property>
			<property name="widgetLayout">Square</property>
			<onclick>ActivateWindow(Videos,"plugin://plugin.video.sporthdme",return)</onclick>
			<property name="path">ActivateWindow(Videos,"plugin://plugin.video.sporthdme",return)</property>
			<property name="list">plugin://plugin.video.sporthdme</property>
			<visible>String.IsEqual(System.ProfileName,Master user)</visible>
			<property name="submenuVisibility">plugin-video-sporthdme</property>
			<property name="group">mainmenu</property>
			<property name="hasSubmenu">False</property>
			</item>
		<item id="16">
			<property name="id">$NUMBER[16]</property>
			<label>Disney+</label>
			<label2>Video-Addon</label2>
			<icon>DefaultShortcut.png</icon>
			<thumb>thumb</thumb>
			<property name="labelID">slyguy.disney.plus</property>
			<property name="defaultID">slyguy.disney.plus</property>
			<property name="translatedPath">ActivateWindow(Videos,"plugin://slyguy.disney.plus",return)</property>
			<property name="widgetLayout">Square</property>
			<onclick>ActivateWindow(Videos,"plugin://slyguy.disney.plus",return)</onclick>
			<property name="path">ActivateWindow(Videos,"plugin://slyguy.disney.plus",return)</property>
			<property name="list">plugin://slyguy.disney.plus</property>
			<visible>String.IsEqual(System.ProfileName,Master user)</visible>
			<property name="submenuVisibility">slyguy-disney-plus</property>
			<property name="group">mainmenu</property>
			<property name="hasSubmenu">False</property>
			</item>
		<item id="17">
			<property name="id">$NUMBER[17]</property>
			<label>YouTube</label>
			<label2>Video-Addon</label2>
			<icon>DefaultShortcut.png</icon>
			<thumb>thumb</thumb>
			<property name="labelID">plugin.video.youtube</property>
			<property name="defaultID">plugin.video.youtube</property>
			<property name="translatedPath">ActivateWindow(Videos,"plugin://plugin.video.youtube",return)</property>
			<property name="widgetLayout">Square</property>
			<onclick>ActivateWindow(Videos,"plugin://plugin.video.youtube",return)</onclick>
			<property name="path">ActivateWindow(Videos,"plugin://plugin.video.youtube",return)</property>
			<property name="list">plugin://plugin.video.youtube</property>
			<visible>String.IsEqual(System.ProfileName,Master user)</visible>
			<property name="submenuVisibility">plugin-video-youtube</property>
			<property name="group">mainmenu</property>
			<property name="hasSubmenu">False</property>
			</item>
		<item id="18">
			<property name="id">$NUMBER[18]</property>
			<label>XXX</label>
			<label2>XXX</label2>
			<icon>DefaultShortcut.png</icon>
			<thumb />
			<property name="labelID">xxx</property>
			<property name="defaultID">games</property>
			<property name="widgetLayout">Square</property>
			<visible>!Skin.HasSetting(HideXXX)</visible>
			<onclick>ActivateWindow(Videos,"plugin://plugin.video.cumination/?url=&amp;mode=main.site_list&amp;page=&amp;channel=None&amp;section=None&amp;keyword=&amp;name=%5BCOLOR+white%5DSites%5B%2FCOLOR%5D",return)</onclick>
			<property name="path">ActivateWindow(Videos,"plugin://plugin.video.cumination/?url=&amp;mode=main.site_list&amp;page=&amp;channel=None&amp;section=None&amp;keyword=&amp;name=%5BCOLOR+white%5DSites%5B%2FCOLOR%5D",return)</property>
			<property name="list">plugin://plugin.video.cumination/?url=&amp;mode=main.site_list&amp;page=&amp;channel=None&amp;section=None&amp;keyword=&amp;name=%5BCOLOR+white%5DSites%5B%2FCOLOR%5D</property>
			<visible>String.IsEqual(System.ProfileName,Master user)</visible>
			<property name="submenuVisibility">xxx</property>
			<property name="group">mainmenu</property>
			<property name="hasSubmenu">False</property>
			</item>
		<item id="19">
			<property name="id">$NUMBER[19]</property>
			<label>Vavoo</label>
			<label2>Video-Addon</label2>
			<icon>DefaultShortcut.png</icon>
			<thumb>thumb</thumb>
			<property name="labelID">plugin.video.stubevavoo2</property>
			<property name="defaultID">plugin.video.stubevavoo2</property>
			<property name="translatedPath">ActivateWindow(Videos,"plugin://plugin.video.stubevavoo2",return)</property>
			<property name="widgetLayout">Square</property>
			<onclick>ActivateWindow(Videos,"plugin://plugin.video.stubevavoo2",return)</onclick>
			<property name="path">ActivateWindow(Videos,"plugin://plugin.video.stubevavoo2",return)</property>
			<property name="list">plugin://plugin.video.stubevavoo2</property>
			<visible>String.IsEqual(System.ProfileName,Master user)</visible>
			<property name="submenuVisibility">plugin-video-stubevavoo2</property>
			<property name="group">mainmenu</property>
			<property name="hasSubmenu">False</property>
			</item>
		<item id="20">
			<property name="id">$NUMBER[20]</property>
			<label> Kino Check</label>
			<label2>Video-Addon</label2>
			<icon>DefaultShortcut.png</icon>
			<thumb>thumb</thumb>
			<property name="labelID">plugin.video.kcheck</property>
			<property name="defaultID">plugin.video.kcheck</property>
			<property name="translatedPath">ActivateWindow(Videos,"plugin://plugin.video.kcheck",return)</property>
			<property name="widgetLayout">Square</property>
			<onclick>ActivateWindow(Videos,"plugin://plugin.video.kcheck",return)</onclick>
			<property name="path">ActivateWindow(Videos,"plugin://plugin.video.kcheck",return)</property>
			<property name="list">plugin://plugin.video.kcheck</property>
			<visible>String.IsEqual(System.ProfileName,Master user)</visible>
			<property name="submenuVisibility">plugin-video-kcheck</property>
			<property name="group">mainmenu</property>
			<property name="hasSubmenu">False</property>
			</item>
		<item id="21">
			<property name="id">$NUMBER[21]</property>
			<label>KCleaner</label>
			<label2>Programm</label2>
			<icon>DefaultShortcut.png</icon>
			<thumb>thumb</thumb>
			<property name="labelID">script.kcleaner</property>
			<property name="defaultID">script.kcleaner</property>
			<property name="translatedPath">ActivateWindow(Programs,"plugin://script.kcleaner",return)</property>
			<property name="widgetLayout">Square</property>
			<onclick>ActivateWindow(Programs,"plugin://script.kcleaner",return)</onclick>
			<property name="path">ActivateWindow(Programs,"plugin://script.kcleaner",return)</property>
			<property name="list">plugin://script.kcleaner</property>
			<visible>String.IsEqual(System.ProfileName,Master user)</visible>
			<property name="submenuVisibility">script-kcleaner</property>
			<property name="group">mainmenu</property>
			<property name="hasSubmenu">False</property>
			</item>
		<item id="22">
			<property name="id">$NUMBER[22]</property>
			<label>Klaus grillt</label>
			<label2>Favorit</label2>
			<icon>DefaultFolder.png</icon>
			<thumb>https://yt3.ggpht.com/ytc/AKedOLScKqx3C2B87rVglGljP0CmDUPQOe1c_Lu2lD1OfQ=s800-c-k-c0x00ffffff-no-rj</thumb>
			<property name="labelID">plugin.video.youtube/channel/UCTHEOuL20cl22TAC6HNmwVQ/</property>
			<property name="defaultID">plugin.video.youtube/channel/UCTHEOuL20cl22TAC6HNmwVQ/</property>
			<property name="translatedPath">ActivateWindow(10025,"plugin://plugin.video.youtube/channel/UCTHEOuL20cl22TAC6HNmwVQ/",return)</property>
			<property name="widgetLayout">Square</property>
			<onclick>ActivateWindow(10025,"plugin://plugin.video.youtube/channel/UCTHEOuL20cl22TAC6HNmwVQ/",return)</onclick>
			<property name="path">ActivateWindow(10025,"plugin://plugin.video.youtube/channel/UCTHEOuL20cl22TAC6HNmwVQ/",return)</property>
			<property name="list">plugin://plugin.video.youtube/channel/UCTHEOuL20cl22TAC6HNmwVQ/</property>
			<visible>String.IsEqual(System.ProfileName,Master user)</visible>
			<property name="submenuVisibility">plugin-video-youtube-channel-uctheoul20cl22tac6hnmwvq</property>
			<property name="group">mainmenu</property>
			<property name="hasSubmenu">False</property>
			</item>
		</include>
	<include />
	<include name="skinshortcuts-submenu">
		<item id="1">
			<property name="id">$NUMBER[1]</property>
			<property name="mainmenuid">4</property>
			<label>$LOCALIZE[31328]</label>
			<label2>$ADDON[script.skinshortcuts 32014]</label2>
			<icon>DefaultRecentlyAddedMovies.png</icon>
			<thumb />
			<property name="labelID">31328</property>
			<property name="defaultID">31328</property>
			<onclick>ActivateWindow(Videos,videodb://recentlyaddedmovies/,return)</onclick>
			<property name="path">ActivateWindow(Videos,videodb://recentlyaddedmovies/,return)</property>
			<property name="list">videodb://recentlyaddedmovies/</property>
			<visible>[String.IsEqual(System.ProfileName,Master user)] + String.IsEqual(Container(9000).ListItem.Property(submenuVisibility),movies)</visible>
			<property name="group">movies</property>
			<property name="isSubmenu">True</property>
			</item>
		<item id="2">
			<property name="id">$NUMBER[2]</property>
			<property name="mainmenuid">4</property>
			<label>$LOCALIZE[20434]</label>
			<label2>$LOCALIZE[342]</label2>
			<icon>DefaultShortcut.png</icon>
			<thumb />
			<property name="labelID">20434</property>
			<property name="defaultID">20434</property>
			<visible>[Library.HasContent(MovieSets)] + String.IsEqual(Container(9000).ListItem.Property(submenuVisibility),movies)</visible>
			<onclick>ActivateWindow(Videos,videodb://movies/sets/,return)</onclick>
			<property name="path">ActivateWindow(Videos,videodb://movies/sets/,return)</property>
			<property name="list">videodb://movies/sets/</property>
			<visible>String.IsEqual(System.ProfileName,Master user)</visible>
			<property name="group">movies</property>
			<property name="isSubmenu">True</property>
			</item>
		<item id="3">
			<property name="id">$NUMBER[3]</property>
			<property name="mainmenuid">4</property>
			<label>$LOCALIZE[369]</label>
			<label2>$LOCALIZE[342]</label2>
			<icon>DefaultShortcut.png</icon>
			<thumb />
			<property name="labelID">369</property>
			<property name="defaultID">369</property>
			<visible>[Library.HasContent(Movies)] + String.IsEqual(Container(9000).ListItem.Property(submenuVisibility),movies)</visible>
			<onclick>ActivateWindow(Videos,videodb://movies/titles/,return)</onclick>
			<property name="path">ActivateWindow(Videos,videodb://movies/titles/,return)</property>
			<property name="list">videodb://movies/titles/</property>
			<visible>String.IsEqual(System.ProfileName,Master user)</visible>
			<property name="group">movies</property>
			<property name="isSubmenu">True</property>
			</item>
		<item id="4">
			<property name="id">$NUMBER[4]</property>
			<property name="mainmenuid">4</property>
			<label>$LOCALIZE[135]</label>
			<label2>$LOCALIZE[342]</label2>
			<icon>DefaultShortcut.png</icon>
			<thumb />
			<property name="labelID">135</property>
			<property name="defaultID">135</property>
			<visible>[Library.HasContent(Movies)] + String.IsEqual(Container(9000).ListItem.Property(submenuVisibility),movies)</visible>
			<onclick>ActivateWindow(Videos,videodb://movies/genres/,return)</onclick>
			<property name="path">ActivateWindow(Videos,videodb://movies/genres/,return)</property>
			<property name="list">videodb://movies/genres/</property>
			<visible>String.IsEqual(System.ProfileName,Master user)</visible>
			<property name="group">movies</property>
			<property name="isSubmenu">True</property>
			</item>
		<item id="5">
			<property name="id">$NUMBER[5]</property>
			<property name="mainmenuid">4</property>
			<label>$LOCALIZE[652]</label>
			<label2>$LOCALIZE[342]</label2>
			<icon>DefaultShortcut.png</icon>
			<thumb />
			<property name="labelID">652</property>
			<property name="defaultID">652</property>
			<visible>[Library.HasContent(Movies)] + String.IsEqual(Container(9000).ListItem.Property(submenuVisibility),movies)</visible>
			<onclick>ActivateWindow(Videos,videodb://movies/years/,return)</onclick>
			<property name="path">ActivateWindow(Videos,videodb://movies/years/,return)</property>
			<property name="list">videodb://movies/years/</property>
			<visible>String.IsEqual(System.ProfileName,Master user)</visible>
			<property name="group">movies</property>
			<property name="isSubmenu">True</property>
			</item>
		<item id="6">
			<property name="id">$NUMBER[6]</property>
			<property name="mainmenuid">4</property>
			<label>$LOCALIZE[344]</label>
			<label2>$LOCALIZE[342]</label2>
			<icon>DefaultActor.png</icon>
			<thumb />
			<property name="labelID">344</property>
			<property name="defaultID">344</property>
			<visible>[Library.HasContent(Movies)] + String.IsEqual(Container(9000).ListItem.Property(submenuVisibility),movies)</visible>
			<onclick>ActivateWindow(Videos,videodb://movies/actors/,return)</onclick>
			<property name="path">ActivateWindow(Videos,videodb://movies/actors/,return)</property>
			<property name="list">videodb://movies/actors/</property>
			<visible>String.IsEqual(System.ProfileName,Master user)</visible>
			<property name="group">movies</property>
			<property name="isSubmenu">True</property>
			</item>
		<item id="1">
			<property name="id">$NUMBER[1]</property>
			<property name="mainmenuid">5</property>
			<label>$LOCALIZE[31328]</label>
			<label2>$ADDON[script.skinshortcuts 32014]</label2>
			<icon>DefaultRecentlyAddedEpisodes.png</icon>
			<thumb />
			<property name="labelID">31328</property>
			<property name="defaultID">31328</property>
			<onclick>ActivateWindow(Videos,videodb://recentlyaddedepisodes/,return)</onclick>
			<property name="path">ActivateWindow(Videos,videodb://recentlyaddedepisodes/,return)</property>
			<property name="list">videodb://recentlyaddedepisodes/</property>
			<visible>[String.IsEqual(System.ProfileName,Master user)] + String.IsEqual(Container(9000).ListItem.Property(submenuVisibility),tvshows)</visible>
			<property name="group">tvshows</property>
			<property name="isSubmenu">True</property>
			</item>
		<item id="2">
			<property name="id">$NUMBER[2]</property>
			<property name="mainmenuid">5</property>
			<label>$LOCALIZE[369]</label>
			<label2>$LOCALIZE[20343]</label2>
			<icon>DefaultShortcut.png</icon>
			<thumb />
			<property name="labelID">369</property>
			<property name="defaultID">369</property>
			<visible>[Library.HasContent(TVShows)] + String.IsEqual(Container(9000).ListItem.Property(submenuVisibility),tvshows)</visible>
			<onclick>ActivateWindow(Videos,videodb://tvshows/titles/,return)</onclick>
			<property name="path">ActivateWindow(Videos,videodb://tvshows/titles/,return)</property>
			<property name="list">videodb://tvshows/titles/</property>
			<visible>String.IsEqual(System.ProfileName,Master user)</visible>
			<property name="group">tvshows</property>
			<property name="isSubmenu">True</property>
			</item>
		<item id="3">
			<property name="id">$NUMBER[3]</property>
			<property name="mainmenuid">5</property>
			<label>$LOCALIZE[135]</label>
			<label2>$LOCALIZE[20343]</label2>
			<icon>DefaultShortcut.png</icon>
			<thumb />
			<property name="labelID">135</property>
			<property name="defaultID">135</property>
			<visible>[Library.HasContent(TVShows)] + String.IsEqual(Container(9000).ListItem.Property(submenuVisibility),tvshows)</visible>
			<onclick>ActivateWindow(Videos,videodb://tvshows/genres/,return)</onclick>
			<property name="path">ActivateWindow(Videos,videodb://tvshows/genres/,return)</property>
			<property name="list">videodb://tvshows/genres/</property>
			<visible>String.IsEqual(System.ProfileName,Master user)</visible>
			<property name="group">tvshows</property>
			<property name="isSubmenu">True</property>
			</item>
		<item id="4">
			<property name="id">$NUMBER[4]</property>
			<property name="mainmenuid">5</property>
			<label>$LOCALIZE[652]</label>
			<label2>$LOCALIZE[20343]</label2>
			<icon>DefaultShortcut.png</icon>
			<thumb />
			<property name="labelID">652</property>
			<property name="defaultID">652</property>
			<visible>[Library.HasContent(TVShows)] + String.IsEqual(Container(9000).ListItem.Property(submenuVisibility),tvshows)</visible>
			<onclick>ActivateWindow(Videos,videodb://tvshows/years/,return)</onclick>
			<property name="path">ActivateWindow(Videos,videodb://tvshows/years/,return)</property>
			<property name="list">videodb://tvshows/years/</property>
			<visible>String.IsEqual(System.ProfileName,Master user)</visible>
			<property name="group">tvshows</property>
			<property name="isSubmenu">True</property>
			</item>
		<item id="5">
			<property name="id">$NUMBER[5]</property>
			<property name="mainmenuid">5</property>
			<label>$LOCALIZE[344]</label>
			<label2>$LOCALIZE[20343]</label2>
			<icon>DefaultActor.png</icon>
			<thumb />
			<property name="labelID">344</property>
			<property name="defaultID">344</property>
			<visible>[Library.HasContent(TVShows)] + String.IsEqual(Container(9000).ListItem.Property(submenuVisibility),tvshows)</visible>
			<onclick>ActivateWindow(Videos,videodb://tvshows/actors/,return)</onclick>
			<property name="path">ActivateWindow(Videos,videodb://tvshows/actors/,return)</property>
			<property name="list">videodb://tvshows/actors/</property>
			<visible>String.IsEqual(System.ProfileName,Master user)</visible>
			<property name="group">tvshows</property>
			<property name="isSubmenu">True</property>
			</item>
		</include>
	<include name="skinshortcuts-template-submenu">
		<include condition="String.IsEqual(System.ProfileName,Master user)">skinshortcuts-template-submenu-Master user</include>
		</include>
	<include name="skinshortcuts-template-submenu-Master user">
		<control type="fixedlist" id="9901">
			<visible>String.IsEqual(Container(9000).ListItem.Property(submenuVisibility),movies)</visible>
			<left>285</left>
			<top>370</top>
			<width>1350</width>
			<height>70</height>
			<onup>9000</onup>
			<ondown>9002</ondown>
			<itemgap>0</itemgap>
			<focusposition>0</focusposition>
			<movement>4</movement>
			<orientation>Horizontal</orientation>
			<itemlayout width="270" height="70">
				<control type="image">
					<visible>!Skin.HasSetting(Shadow)</visible>
					<left>5</left>
					<top>67</top>
					<height>2</height>
					<width>270</width>
					<texture colordiffuse="black">backgrounds/white.png</texture>
					</control>
				<control type="image">
					<top>63</top>
					<height>2</height>
					<width>270</width>
					<texture colordiffuse="$INFO[Skin.String(color.500)]">backgrounds/white.png</texture>
					</control>
				<control type="label">
					<visible>!Skin.HasSetting(Shadow)</visible>
					<left>3</left>
					<top>13</top>
					<height>60</height>
					<width>270</width>
					<align>center</align>
					<aligny>center</aligny>
					<font>button</font>
					<textcolor>black</textcolor>
					<shadowcolor>black</shadowcolor>
					<info>ListItem.Label</info>
					</control>
				<control type="label">
					<top>10</top>
					<height>60</height>
					<width>270</width>
					<align>center</align>
					<aligny>center</aligny>
					<font>button</font>
					<textcolor>white</textcolor>
					<shadowcolor>black</shadowcolor>
					<info>ListItem.Label</info>
					</control>
				</itemlayout>
			<focusedlayout width="270" height="70">
				<control type="image">
					<visible>!Skin.HasSetting(Shadow)</visible>
					<left>5</left>
					<top>67</top>
					<height>2</height>
					<width>270</width>
					<texture colordiffuse="black">backgrounds/white.png</texture>
					<visible>Control.HasFocus(9901)</visible>
					</control>
				<control type="image">
					<top>63</top>
					<height>2</height>
					<width>270</width>
					<texture colordiffuse="$INFO[Skin.String(color.500)]">backgrounds/white.png</texture>
					<visible>Control.HasFocus(9901)</visible>
					</control>
				<control type="label">
					<visible>!Skin.HasSetting(Shadow)</visible>
					<animation type="focus" loop="false" reversible="false">
						<effect type="zoom" start="95" end="110" center="auto" tween="sine" easing="out" time="200" />
						</animation>
					<left>3</left>
					<top>13</top>
					<height>60</height>
					<width>270</width>
					<align>center</align>
					<aligny>center</aligny>
					<font>button</font>
					<textcolor>black</textcolor>
					<shadowcolor>black</shadowcolor>
					<info>ListItem.Label</info>
					<visible>Control.HasFocus(9901)</visible>
					</control>
				<control type="label">
					<animation type="focus" loop="false" reversible="false">
						<effect type="zoom" start="95" end="110" center="auto" tween="sine" easing="out" time="200" />
						</animation>
					<top>10</top>
					<height>60</height>
					<width>270</width>
					<align>center</align>
					<aligny>center</aligny>
					<font>button</font>
					<textcolor>$INFO[Skin.String(color.500)]</textcolor>
					<shadowcolor>black</shadowcolor>
					<info>ListItem.Label</info>
					<visible>Control.HasFocus(9901)</visible>
					</control>
				<control type="image">
					<visible>!Skin.HasSetting(Shadow)</visible>
					<left>5</left>
					<top>67</top>
					<width>270</width>
					<height>2</height>
					<texture colordiffuse="black">backgrounds/white.png</texture>
					<visible>!Control.HasFocus(9901)</visible>
					</control>
				<control type="image">
					<top>63</top>
					<height>2</height>
					<width>270</width>
					<texture colordiffuse="$INFO[Skin.String(color.500)]">backgrounds/white.png</texture>
					<visible>!Control.HasFocus(9901)</visible>
					</control>
				<control type="label">
					<visible>!Skin.HasSetting(Shadow)</visible>
					<left>3</left>
					<top>13</top>
					<height>60</height>
					<width>270</width>
					<align>center</align>
					<aligny>center</aligny>
					<font>button</font>
					<textcolor>black</textcolor>
					<shadowcolor>black</shadowcolor>
					<info>ListItem.Label</info>
					<visible>!Control.HasFocus(9901)</visible>
					</control>
				<control type="label">
					<top>10</top>
					<height>60</height>
					<width>270</width>
					<align>center</align>
					<aligny>center</aligny>
					<font>button</font>
					<textcolor>white</textcolor>
					<shadowcolor>black</shadowcolor>
					<info>ListItem.Label</info>
					<visible>!Control.HasFocus(9901)</visible>
					</control>
				</focusedlayout>
			<content>
				<item id="1">
					<property name="id">$NUMBER[1]</property>
					<property name="mainmenuid">4</property>
					<label>$LOCALIZE[31328]</label>
					<label2>$ADDON[script.skinshortcuts 32014]</label2>
					<icon>DefaultRecentlyAddedMovies.png</icon>
					<thumb />
					<property name="labelID">31328</property>
					<property name="defaultID">31328</property>
					<onclick>ActivateWindow(Videos,videodb://recentlyaddedmovies/,return)</onclick>
					<property name="path">ActivateWindow(Videos,videodb://recentlyaddedmovies/,return)</property>
					<property name="list">videodb://recentlyaddedmovies/</property>
					<property name="group">movies</property>
					<property name="isSubmenu">True</property>
					</item>
				<item id="2">
					<property name="id">$NUMBER[2]</property>
					<property name="mainmenuid">4</property>
					<label>$LOCALIZE[20434]</label>
					<label2>$LOCALIZE[342]</label2>
					<icon>DefaultShortcut.png</icon>
					<thumb />
					<property name="labelID">20434</property>
					<property name="defaultID">20434</property>
					<visible>Library.HasContent(MovieSets)</visible>
					<onclick>ActivateWindow(Videos,videodb://movies/sets/,return)</onclick>
					<property name="path">ActivateWindow(Videos,videodb://movies/sets/,return)</property>
					<property name="list">videodb://movies/sets/</property>
					<property name="group">movies</property>
					<property name="isSubmenu">True</property>
					</item>
				<item id="3">
					<property name="id">$NUMBER[3]</property>
					<property name="mainmenuid">4</property>
					<label>$LOCALIZE[369]</label>
					<label2>$LOCALIZE[342]</label2>
					<icon>DefaultShortcut.png</icon>
					<thumb />
					<property name="labelID">369</property>
					<property name="defaultID">369</property>
					<visible>Library.HasContent(Movies)</visible>
					<onclick>ActivateWindow(Videos,videodb://movies/titles/,return)</onclick>
					<property name="path">ActivateWindow(Videos,videodb://movies/titles/,return)</property>
					<property name="list">videodb://movies/titles/</property>
					<property name="group">movies</property>
					<property name="isSubmenu">True</property>
					</item>
				<item id="4">
					<property name="id">$NUMBER[4]</property>
					<property name="mainmenuid">4</property>
					<label>$LOCALIZE[135]</label>
					<label2>$LOCALIZE[342]</label2>
					<icon>DefaultShortcut.png</icon>
					<thumb />
					<property name="labelID">135</property>
					<property name="defaultID">135</property>
					<visible>Library.HasContent(Movies)</visible>
					<onclick>ActivateWindow(Videos,videodb://movies/genres/,return)</onclick>
					<property name="path">ActivateWindow(Videos,videodb://movies/genres/,return)</property>
					<property name="list">videodb://movies/genres/</property>
					<property name="group">movies</property>
					<property name="isSubmenu">True</property>
					</item>
				<item id="5">
					<property name="id">$NUMBER[5]</property>
					<property name="mainmenuid">4</property>
					<label>$LOCALIZE[652]</label>
					<label2>$LOCALIZE[342]</label2>
					<icon>DefaultShortcut.png</icon>
					<thumb />
					<property name="labelID">652</property>
					<property name="defaultID">652</property>
					<visible>Library.HasContent(Movies)</visible>
					<onclick>ActivateWindow(Videos,videodb://movies/years/,return)</onclick>
					<property name="path">ActivateWindow(Videos,videodb://movies/years/,return)</property>
					<property name="list">videodb://movies/years/</property>
					<property name="group">movies</property>
					<property name="isSubmenu">True</property>
					</item>
				<item id="6">
					<property name="id">$NUMBER[6]</property>
					<property name="mainmenuid">4</property>
					<label>$LOCALIZE[344]</label>
					<label2>$LOCALIZE[342]</label2>
					<icon>DefaultActor.png</icon>
					<thumb />
					<property name="labelID">344</property>
					<property name="defaultID">344</property>
					<visible>Library.HasContent(Movies)</visible>
					<onclick>ActivateWindow(Videos,videodb://movies/actors/,return)</onclick>
					<property name="path">ActivateWindow(Videos,videodb://movies/actors/,return)</property>
					<property name="list">videodb://movies/actors/</property>
					<property name="group">movies</property>
					<property name="isSubmenu">True</property>
					</item>
				</content>
			</control>
		<control type="fixedlist" id="9901">
			<visible>String.IsEqual(Container(9000).ListItem.Property(submenuVisibility),tvshows)</visible>
			<left>285</left>
			<top>370</top>
			<width>1350</width>
			<height>70</height>
			<onup>9000</onup>
			<ondown>9002</ondown>
			<itemgap>0</itemgap>
			<focusposition>0</focusposition>
			<movement>4</movement>
			<orientation>Horizontal</orientation>
			<itemlayout width="270" height="70">
				<control type="image">
					<visible>!Skin.HasSetting(Shadow)</visible>
					<left>5</left>
					<top>67</top>
					<height>2</height>
					<width>270</width>
					<texture colordiffuse="black">backgrounds/white.png</texture>
					</control>
				<control type="image">
					<top>63</top>
					<height>2</height>
					<width>270</width>
					<texture colordiffuse="$INFO[Skin.String(color.500)]">backgrounds/white.png</texture>
					</control>
				<control type="label">
					<visible>!Skin.HasSetting(Shadow)</visible>
					<left>3</left>
					<top>13</top>
					<height>60</height>
					<width>270</width>
					<align>center</align>
					<aligny>center</aligny>
					<font>button</font>
					<textcolor>black</textcolor>
					<shadowcolor>black</shadowcolor>
					<info>ListItem.Label</info>
					</control>
				<control type="label">
					<top>10</top>
					<height>60</height>
					<width>270</width>
					<align>center</align>
					<aligny>center</aligny>
					<font>button</font>
					<textcolor>white</textcolor>
					<shadowcolor>black</shadowcolor>
					<info>ListItem.Label</info>
					</control>
				</itemlayout>
			<focusedlayout width="270" height="70">
				<control type="image">
					<visible>!Skin.HasSetting(Shadow)</visible>
					<left>5</left>
					<top>67</top>
					<height>2</height>
					<width>270</width>
					<texture colordiffuse="black">backgrounds/white.png</texture>
					<visible>Control.HasFocus(9901)</visible>
					</control>
				<control type="image">
					<top>63</top>
					<height>2</height>
					<width>270</width>
					<texture colordiffuse="$INFO[Skin.String(color.500)]">backgrounds/white.png</texture>
					<visible>Control.HasFocus(9901)</visible>
					</control>
				<control type="label">
					<visible>!Skin.HasSetting(Shadow)</visible>
					<animation type="focus" loop="false" reversible="false">
						<effect type="zoom" start="95" end="110" center="auto" tween="sine" easing="out" time="200" />
						</animation>
					<left>3</left>
					<top>13</top>
					<height>60</height>
					<width>270</width>
					<align>center</align>
					<aligny>center</aligny>
					<font>button</font>
					<textcolor>black</textcolor>
					<shadowcolor>black</shadowcolor>
					<info>ListItem.Label</info>
					<visible>Control.HasFocus(9901)</visible>
					</control>
				<control type="label">
					<animation type="focus" loop="false" reversible="false">
						<effect type="zoom" start="95" end="110" center="auto" tween="sine" easing="out" time="200" />
						</animation>
					<top>10</top>
					<height>60</height>
					<width>270</width>
					<align>center</align>
					<aligny>center</aligny>
					<font>button</font>
					<textcolor>$INFO[Skin.String(color.500)]</textcolor>
					<shadowcolor>black</shadowcolor>
					<info>ListItem.Label</info>
					<visible>Control.HasFocus(9901)</visible>
					</control>
				<control type="image">
					<visible>!Skin.HasSetting(Shadow)</visible>
					<left>5</left>
					<top>67</top>
					<width>270</width>
					<height>2</height>
					<texture colordiffuse="black">backgrounds/white.png</texture>
					<visible>!Control.HasFocus(9901)</visible>
					</control>
				<control type="image">
					<top>63</top>
					<height>2</height>
					<width>270</width>
					<texture colordiffuse="$INFO[Skin.String(color.500)]">backgrounds/white.png</texture>
					<visible>!Control.HasFocus(9901)</visible>
					</control>
				<control type="label">
					<visible>!Skin.HasSetting(Shadow)</visible>
					<left>3</left>
					<top>13</top>
					<height>60</height>
					<width>270</width>
					<align>center</align>
					<aligny>center</aligny>
					<font>button</font>
					<textcolor>black</textcolor>
					<shadowcolor>black</shadowcolor>
					<info>ListItem.Label</info>
					<visible>!Control.HasFocus(9901)</visible>
					</control>
				<control type="label">
					<top>10</top>
					<height>60</height>
					<width>270</width>
					<align>center</align>
					<aligny>center</aligny>
					<font>button</font>
					<textcolor>white</textcolor>
					<shadowcolor>black</shadowcolor>
					<info>ListItem.Label</info>
					<visible>!Control.HasFocus(9901)</visible>
					</control>
				</focusedlayout>
			<content>
				<item id="1">
					<property name="id">$NUMBER[1]</property>
					<property name="mainmenuid">5</property>
					<label>$LOCALIZE[31328]</label>
					<label2>$ADDON[script.skinshortcuts 32014]</label2>
					<icon>DefaultRecentlyAddedEpisodes.png</icon>
					<thumb />
					<property name="labelID">31328</property>
					<property name="defaultID">31328</property>
					<onclick>ActivateWindow(Videos,videodb://recentlyaddedepisodes/,return)</onclick>
					<property name="path">ActivateWindow(Videos,videodb://recentlyaddedepisodes/,return)</property>
					<property name="list">videodb://recentlyaddedepisodes/</property>
					<property name="group">tvshows</property>
					<property name="isSubmenu">True</property>
					</item>
				<item id="2">
					<property name="id">$NUMBER[2]</property>
					<property name="mainmenuid">5</property>
					<label>$LOCALIZE[369]</label>
					<label2>$LOCALIZE[20343]</label2>
					<icon>DefaultShortcut.png</icon>
					<thumb />
					<property name="labelID">369</property>
					<property name="defaultID">369</property>
					<visible>Library.HasContent(TVShows)</visible>
					<onclick>ActivateWindow(Videos,videodb://tvshows/titles/,return)</onclick>
					<property name="path">ActivateWindow(Videos,videodb://tvshows/titles/,return)</property>
					<property name="list">videodb://tvshows/titles/</property>
					<property name="group">tvshows</property>
					<property name="isSubmenu">True</property>
					</item>
				<item id="3">
					<property name="id">$NUMBER[3]</property>
					<property name="mainmenuid">5</property>
					<label>$LOCALIZE[135]</label>
					<label2>$LOCALIZE[20343]</label2>
					<icon>DefaultShortcut.png</icon>
					<thumb />
					<property name="labelID">135</property>
					<property name="defaultID">135</property>
					<visible>Library.HasContent(TVShows)</visible>
					<onclick>ActivateWindow(Videos,videodb://tvshows/genres/,return)</onclick>
					<property name="path">ActivateWindow(Videos,videodb://tvshows/genres/,return)</property>
					<property name="list">videodb://tvshows/genres/</property>
					<property name="group">tvshows</property>
					<property name="isSubmenu">True</property>
					</item>
				<item id="4">
					<property name="id">$NUMBER[4]</property>
					<property name="mainmenuid">5</property>
					<label>$LOCALIZE[652]</label>
					<label2>$LOCALIZE[20343]</label2>
					<icon>DefaultShortcut.png</icon>
					<thumb />
					<property name="labelID">652</property>
					<property name="defaultID">652</property>
					<visible>Library.HasContent(TVShows)</visible>
					<onclick>ActivateWindow(Videos,videodb://tvshows/years/,return)</onclick>
					<property name="path">ActivateWindow(Videos,videodb://tvshows/years/,return)</property>
					<property name="list">videodb://tvshows/years/</property>
					<property name="group">tvshows</property>
					<property name="isSubmenu">True</property>
					</item>
				<item id="5">
					<property name="id">$NUMBER[5]</property>
					<property name="mainmenuid">5</property>
					<label>$LOCALIZE[344]</label>
					<label2>$LOCALIZE[20343]</label2>
					<icon>DefaultActor.png</icon>
					<thumb />
					<property name="labelID">344</property>
					<property name="defaultID">344</property>
					<visible>Library.HasContent(TVShows)</visible>
					<onclick>ActivateWindow(Videos,videodb://tvshows/actors/,return)</onclick>
					<property name="path">ActivateWindow(Videos,videodb://tvshows/actors/,return)</property>
					<property name="list">videodb://tvshows/actors/</property>
					<property name="group">tvshows</property>
					<property name="isSubmenu">True</property>
					</item>
				</content>
			</control>
		</include>
	</includes>
