<?xml version="1.0" encoding="UTF-8" standalone="yes"?>
<addon id="plugin.video.flash.brasil" name="[COLOR orange]Flash[/COLOR][COLORlime]Brasil[/COLOR]" version="3.2.2" provider-name="FlechaNegra">
  <requires>
    <import addon="xbmc.python" version="3.0.0"/>
    <import addon="script.module.requests" version="2.22.0"/>
  </requires>
  <extension point="xbmc.python.pluginsource" library="default.py">
    <provides>video</provides>
  </extension>
  <extension point="xbmc.addon.metadata">
    <summary lang="en_GB">[COLORred]Flash[COLORgold]Brasil[/COLOR]</summary>
    <description lang="en_GB">[COLOR gold]Flash[/COLOR] [COLOR lime]Brasil[/COLOR] [COLORorange]is an add-on from the  Flechanegra family. ALL LINKS ARE AVAILABLE ON THE INTERNET![/COLOR]</description>
    <language>en</language>
    <platform>all</platform>
      <assets>
        <icon>icon.png</icon>
	<fanart>fanart.jpg</fanart>
    </assets>
  </extension>
</addon>
