﻿<?xml version="1.0" encoding="UTF-8" standalone="yes"?>
<addon id="plugin.video.aguia-branca" name="[COLOR maroon]ÁGUIA[/COLOR] [COLOR gold]BRANCA[/COLOR]" version="12.10" provider-name="@by_flecha_negra">
	<requires>
		<import addon="script.module.six" />
		<import addon="script.module.simplejson" />
		<import addon="script.module.requests" />
	</requires>
	<extension point="xbmc.python.pluginsource" library="addon.py">
		<provides>video</provides>
	</extension>
	<extension point="xbmc.service" library="server.py" start="startup" />
	<extension point="xbmc.addon.metadata">
		<summary lang="pt">[COLOR red]Águia[/COLOR] [COLORorange]Branca[/COLOR] [COLORorange]é um addon da familia ArrowNegra.TODOS OS LINKS ESTÃO DISPONIVEIS NA INTERNET![/COLOR]</summary>
		<summary lang="en">[COLOR red]Águia[/COLOR] [COLORorange]Branca[/COLOR] [COLORorange]é um addon da familia ArrowNegra.TODOS OS LINKS ESTÃO DISPONIVEIS NA INTERNET![/COLOR]</summary>
		<description lang="en"></description>
		<platform>all</platform>
		<assets>
            <icon>icon.png</icon>
            <fanart>fanart.jpg</fanart>
        </assets>
	</extension>
</addon>