<?xml version="1.0" encoding="UTF-8" standalone="yes"?>
<addon id="plugin.video.steel_eagle" name="[COLORgrey]Steel [COLORmaroon]Eagle[/COLOR]" version="1.0.3" provider-name="@by_flecha_negra"> 
   <extension point="xbmc.python.pluginsource"
			library="default.py">
		<provides>video</provides>
  </extension>
  <extension point="xbmc.addon.metadata">
	<summary lang="en">[COLOR maroon] Only for the best!!![/COLOR] </summary>
	<language>en</language>
	<summary lang="en">[COLORgrey]Steel [COLORmaroon]Eagle[/COLOR] [COLORorange]is an add-on from the  Flechanegra family. ALL LINKS ARE AVAILABLE ON THE INTERNET![/COLOR]</summary>
	<summary lang="pt">[COLORgrey]Steel [COLORmaroon]Eagle[/COLOR] [COLORorange]é um addon da familia  Flechanegra.TODOS OS LINKS ESTÃO DISPONIVEIS NA INTERNET![/COLOR]</summary>
	<description lang="en">[COLORgrey]Steel [COLORmaroon]Eagle[/COLOR] [COLORorange]is an add-on from the  Flechanegra family. ALL LINKS ARE AVAILABLE ON THE INTERNET![/COLOR]</description>
	<description lang="pt">[COLORgrey]Steel [COLORmaroon]Eagle[/COLOR] [COLORorange]é um addon da familia  Flechanegra.TODOS OS LINKS ESTÃO DISPONIVEIS NA INTERNET![/COLOR]</description>
    <disclaimer lang="en">The author is in no way affiliated with Kodi, Team Kodi or the XBMC Foundation. This is a non-profit resource.</disclaimer>
	<disclaimer lang="pt">O autor não é de forma alguma afiliado ao Kodi, Team Kodi ou a XBMC Foundation. Este é um recurso sem fins lucrativos.</disclaimer>
<platform>all</platform>
	<assets>
		<icon>icon.png</icon>
	   <fanart>fanart.jpg</fanart>
	   <media>resources/medias/home.jpg</media>
	   <media>resources/medias/movies.jpg</media>
	   <media>resources/medias/series.jpg</media>
	</assets>
  </extension>
</addon>
