<?xml version="1.0" encoding="UTF-8"?>
<addon
	id="skin.flechanegra.2.0"
	version="2.0"
	name="[COLOR maroon]Flecha [COLOR grey]Negra [COLORgold]2.0[/COLOR]"
	provider-name="FlechaNegra">
	<requires>
		<import addon="xbmc.gui" version="5.14.0"/>
		<import addon="script.skinshortcuts" version="1.0.17"/>
	</requires>
	<extension
		point="xbmc.gui.skin"
		debugging="false"
		effectslowdown="1.0">
		<res width="1920" height="1440" aspect="4:3" default="false" folder="xml" />
		<res width="1920" height="1280" aspect="3:2" default="false" folder="xml" />
		<res width="1920" height="1200" aspect="16:10" default="false" folder="xml" />
		<res width="2040" height="1080" aspect="17:9" default="false" folder="xml" />
		<res width="1920" height="1080" aspect="16:9" default="true" folder="xml" />
		<res width="2560" height="1080" aspect="21:9" default="false" folder="xml" />
		<res width="2338" height="1080" aspect="19.5:9" default="false" folder="xml" />
		<res width="2160" height="1080" aspect="18:9" default="false" folder="xml" />
	</extension>
	<extension point="xbmc.addon.metadata">
		<platform>all</platform>
		<license>GNU GENERAL PUBLIC LICENSE. Version 2, June 1991</license>
		<forum></forum>
		<source></source>
		<assets>
			<icon>resources/icon.png</icon>
			<fanart>resources/fanart.jpg</fanart>
		</assets>
		<summary lang="pt_PT">A skin Flecha Negra Geração 2.0 </summary>
		<description lang="pt_PT">Unity é uma adaptação de Confluence baseada num design material.</description>
		<disclaimer lang="pt_PT">Mais informações sobre esta skin podem ser encontradas nos forums do Kodi.</disclaimer>
	</extension>
</addon>
