<?xml version="1.0" encoding="UTF-8"?>
<addon id="plugin.video.fenix-mac" name="[COLORcyan]fenix[COLORgrey]Mac[/COLOR]" version="1.6.1" provider-name="by_flecha_negra">

  <requires>    		
    	<!--<import addon="script.module.resolveurl" /> -->   	
        <import addon="script.module.requests"/>
		<import addon="script.module.six" />
        <import addon="script.module.kodi-six" />		
	
     </requires>  
    <extension point="xbmc.python.pluginsource" library="default.py">
        <provides>video</provides>
	</extension>  
<extension point="xbmc.addon.metadata">
		<summary>Canais de Televisão, desportos e mais...</summary>
		<description lang="en">[COLOR red]fenix[/COLOR] [COLORorange]mac[/COLOR] [COLORorange]é um addon da familia ArrowNegra.TODOS OS LINKS ESTÃO DISPONIVEIS NA INTERNET![/COLOR]</description>
		<platform>all</platform>
		<assets>
       <icon>icon.png</icon>
       <fanart>fanart.jpg</fanart>
       <screenshot>resources/screenshots/1.jpg</screenshot>
       <screenshot>resources/screenshots/2.jpg</screenshot>
       <screenshot>resources/screenshots/3.jpg</screenshot>
    </assets>
		<language>pt</language>
	</extension>	
	
</addon>