<?xml version="1.0" encoding="UTF-8" standalone="yes"?>
<addon id="plugin.video.kodiazor" name="[COLORorange]kodi[/COLOR] [COLORorange]azor[/COLOR]" version="1.1.9" provider-name="[COLOR orange]@By_flecha_negra[/COLOR]">
  <extension point="xbmc.python.pluginsource"
			library="default.py">
		<provides>video</provides>
  </extension>
  <extension point="xbmc.addon.metadata">
	<summary lang="en">[COLOR maroon] Only for the best!!![/COLOR] </summary>
	<language>en</language>
	<description lang="en">[COLOR orange]This [COLORcyan]Flecha[/COLOR][COLORgold]Negra Team[/COLOR] addon does not supply nor provide any illegal content[/COLOR]</description>
	<platform>all</platform>
	<assets>
	  <icon>icon.png</icon>
       <fanart>fanart.jpg</fanart>
       <screenshot>resources/screenshots/1.jpg</screenshot>
       <screenshot>resources/screenshots/2.jpg</screenshot>
       <screenshot>resources/screenshots/3.jpg</screenshot>
    </assets>
    </extension>
</addon>
