<?xml version="2.1" encoding="UTF-8" standalone="yes"?>
<addon id="script.aguiabranca.api" name="[COLORorange]Pach API Aguia_Branca[/COLOR]" version="0.3.2" provider-name="[COLORorange]@By_Flecha_Negra[/COLOR]">
   <requires>
	<import addon="script.module.six" />
	<import addon="plugin.video.aguia-branca" />
  </requires>
  <extension point="xbmc.python.pluginsource" library="main.py">
    <provides>executable</provides>
  </extension>  
  <extension point="xbmc.addon.metadata">
	<summary lang="en"></summary>
    <summary lang="pt"></summary>
    <description lang="en"></description>
	<description lang="pt"></description>
     <disclaimer lang="en"></disclaimer>
	 <disclaimer lang="pt"></disclaimer>
    <platform>all</platform>
    <description>
        [COLOR red]aguia-branca.api [COLORorange]é um addon da familia ArrowNegra.TODOS OS LINKS ESTÃO DISPONIVEIS NA INTERNET![/COLOR]
    </description>
	<assets>
     <icon>icon.png</icon>
     <fanart>fanart.jpg</fanart>
    </assets>
  </extension>
</addon>