<?xml version="1.1" encoding="UTF-8" standalone="yes"?>
<addon id="plugin.video.x-codes" name="[COLOR chocolate]X[/COLOR][COLORwhite]-[/COLOR][COLORgold]Codes[/COLOR]" version="1.9.5" provider-name="[COLOR red]@By_Flecha[/COLOR][COLORdarkgrey]Negra[/COLOR]">
<requires>
    <import addon="xbmc.python" version="2.1.0"/>
	<import addon="script.module.requests" />
  </requires>
  <extension point="xbmc.python.pluginsource"
            library="default.py">
        <provides>video</provides>
 	</extension>  
<extension point="xbmc.addon.metadata">
		<summary>Canais de Televisão, desportos e mais...</summary>
		<description lang="en">[COLOR red]x-[/COLOR] [COLORorange]codes[/COLOR] [COLORorange]é um addon da familia ArrowNegra.TODOS OS LINKS ESTÃO DISPONIVEIS NA INTERNET![/COLOR]</description>
		<platform>all</platform>
		<assets>
       <icon>icon.png</icon>
       <fanart>fanart.jpg</fanart>
       <screenshot>resources/screenshots/1.jpg</screenshot>
       <screenshot>resources/screenshots/2.jpg</screenshot>
       <screenshot>resources/screenshots/3.jpg</screenshot>
    </assets>
  </extension>
</addon>
